<?xml version="1.0" encoding="UTF-8" standalone="yes"?>
<addon id="plugin.program.totalinstaller" name=" [COLOR=dodgerblue]The[/COLOR] [COLOR=orange]Community Portal[/COLOR]"  provider-name="NoobsAndNerds" check="1" version="0.1">
  <requires>
	<import addon="xbmc.python" version="2.1.0"/>
    <import addon="script.module.addon.common" version="2.0.0"/>
  </requires>
  <extension point="xbmc.service" library="service.py" start="startup"></extension>
  <extension point="xbmc.python.pluginsource" library="default.py">
        <provides>executable</provides>
  </extension>
  <extension point="xbmc.addon.metadata">
    <summary lang="en">[COLOR=dodgerblue]The[/COLOR] [COLOR=orange]Community Portal[/COLOR]</summary>
	<description>Your all in one Installer. The simplest way to be have a fully setup system in a matter of minutes!</description>
    <platform>all</platform>
  </extension>
</addon>